Filename,Keywords
004.pdf,Romanian
059.pdf,Romanian
074.pdf,Romanian
146.pdf,Romanian
166.pdf,Romanian
171.pdf,Romanian
186-50.pdf,Romania
220.pdf,Romania
221.pdf,Romania
238-19.pdf,Romania
238-31.pdf,"Iasi, Romania"
246.pdf,Romania
271.pdf,Romania
284-03.pdf,Romania
285-01.pdf,Romania
285-02.pdf,Romania
285-10.pdf,Romanian
499-01.pdf,"Bucharest, Cluj, Romania"
DX EL-1.pdf,"Bucharest, Cluj"
EFTA00005971.pdf,Bucharest
EFTA00006107.pdf,Bucharest
EFTA00022206.pdf,Romania
EFTA00031733.pdf,Romania
EFTA00040903.pdf,Romanian
EFTA00045963.pdf,Romania
EFTA00046963.pdf,"Romania, Romanian"
EFTA00064699.pdf,Romanian
EFTA00067272.pdf,Romanian
EFTA00073070.pdf,"Bucharest, Cluj"
EFTA00129645.pdf,Bucharest
EFTA00135667.pdf,Romanian
EFTA00135832.pdf,"Romania, Romanian"
EFTA00136207.pdf,Romanian
EFTA00137440.pdf,"Romania, Romanian"
EFTA00147473.pdf,Romania
EFTA00148128.pdf,"Romania, Romanian"
EFTA00148445.pdf,Romania
EFTA00150106.pdf,"Romania, Romanian"
EFTA00150422.pdf,Romanian
EFTA00153606.pdf,Romanian
EFTA00160532.pdf,"Romania, Romanian"
EFTA00188312.pdf,Romanian
EFTA00214238.pdf,Romanian
EFTA00226107.pdf,Romania
EFTA00260609.pdf,Romanian
EFTA00284917.pdf,Romania
EFTA00284924.pdf,Romania
EFTA00285401.pdf,Bucharest
EFTA00289243.pdf,Romanian
EFTA00290468.pdf,Romania
EFTA00290877.pdf,Romania
EFTA00291739.pdf,Romania
EFTA00291825.pdf,Romania
EFTA00292277.pdf,Romania
EFTA00302864.pdf,Romania
EFTA00302868.pdf,Bucharest
EFTA00302873.pdf,Romania
EFTA00302877.pdf,Romania
EFTA00302890.pdf,"Bucharest, Romania"
EFTA00302898.pdf,"Bucharest, Romania"
EFTA00302902.pdf,"Bucharest, Romania"
EFTA00302906.pdf,Bucharest
EFTA00307808.pdf,Romania
EFTA00307811.pdf,"Bucharest, Romania"
EFTA00307816.pdf,"Bucharest, Romania"
EFTA00307824.pdf,Bucharest
EFTA00307840.pdf,Romania
EFTA00307844.pdf,Bucharest
EFTA00307847.pdf,"Bucharest, Romania"
EFTA00307851.pdf,Bucharest
EFTA00307854.pdf,"Bucharest, Romania"
EFTA00307865.pdf,Bucharest
EFTA00307868.pdf,Bucharest
EFTA00307871.pdf,"Bucharest, Romania"
EFTA00307879.pdf,Romania
EFTA00307882.pdf,Bucharest
EFTA00307886.pdf,"Bucharest, Romania"
EFTA00307892.pdf,Bucharest
EFTA00309029.pdf,"Bucharest, Romania"
EFTA00318261.pdf,"Bucharest, Romania"
EFTA00318266.pdf,Romania
EFTA00318284.pdf,Bucharest
EFTA00318289.pdf,Romania
EFTA00318299.pdf,Romania
EFTA00318320.pdf,"Bucharest, Romania"
EFTA00318463.pdf,Bucharest
EFTA00318483.pdf,Bucharest
EFTA00318484.pdf,Bucharest
EFTA00318488.pdf,Bucharest
EFTA00318495.pdf,Romania
EFTA00318509.pdf,"Bucharest, Romania"
EFTA00319045.pdf,Romania
EFTA00319297.pdf,Romania
EFTA00319298.pdf,Romania
EFTA00333199.pdf,Romania
EFTA00333202.pdf,Romania
EFTA00333205.pdf,Romania
EFTA00333214.pdf,"Bucharest, Romania"
EFTA00333217.pdf,"Bucharest, Romania"
EFTA00333220.pdf,Bucharest
EFTA00336008.pdf,Bucharest
EFTA00336009.pdf,Bucharest
EFTA00336111.pdf,Bucharest
EFTA00336120.pdf,Bucharest
EFTA00336124.pdf,Bucharest
EFTA00336132.pdf,Bucharest
EFTA00337205.pdf,Romania
EFTA00337206.pdf,Romania
EFTA00337242.pdf,Romania
EFTA00339088.pdf,Romania
EFTA00339095.pdf,Romania
EFTA00360693.pdf,Romania
EFTA00360697.pdf,Romania
EFTA00361257.pdf,"Bucharest, Romania"
EFTA00361264.pdf,Bucharest
EFTA00361269.pdf,"Bucharest, Romania"
EFTA00361272.pdf,"Bucharest, Romania"
EFTA00361282.pdf,Bucharest
EFTA00361526.pdf,"Bucharest, Romania"
EFTA00361527.pdf,Romania
EFTA00361528.pdf,Romania
EFTA00361529.pdf,"Bucharest, Romania"
EFTA00367295.pdf,Romania
EFTA00368561.pdf,Romania
EFTA00368562.pdf,Romania
EFTA00368563.pdf,Romania
EFTA00370027.pdf,Romania
EFTA00374039.pdf,Romanian
EFTA00374042.pdf,Romanian
EFTA00380597.pdf,Romania
EFTA00392250.pdf,Romania
EFTA00392976.pdf,Romania
EFTA00392979.pdf,Romania
EFTA00394426.pdf,Romanian
EFTA00402236.pdf,Romania
EFTA00402238.pdf,Romania
EFTA00402239.pdf,Romania
EFTA00421903.pdf,Romanian
EFTA00437574.pdf,Bucharest
EFTA00439075.pdf,Bucharest
EFTA00440144.pdf,"Bucharest, Romania"
EFTA00440145.pdf,"Bucharest, Romania"
EFTA00440147.pdf,"Bucharest, Romania"
EFTA00440149.pdf,Bucharest
EFTA00440150.pdf,"Bucharest, Romania"
EFTA00440153.pdf,"Bucharest, Romania"
EFTA00440156.pdf,"Bucharest, Romania"
EFTA00458985.pdf,Bucharest
EFTA00458990.pdf,"Bucharest, Romania"
EFTA00458994.pdf,"Bucharest, Romania"
EFTA00459002.pdf,"Bucharest, Romania"
EFTA00459008.pdf,Bucharest
EFTA00459012.pdf,"Bucharest, Romania"
EFTA00459023.pdf,Romania
EFTA00459026.pdf,"Bucharest, Romania"
EFTA00459030.pdf,Romania
EFTA00459037.pdf,"Bucharest, Romania"
EFTA00461203.pdf,Romania
EFTA00461265.pdf,Romania
EFTA00462298.pdf,Bucharest
EFTA00462362.pdf,Bucharest
EFTA00462559.pdf,Romania
EFTA00462812.pdf,Romania
EFTA00462948.pdf,"Bucharest, Romania"
EFTA00476878.pdf,"Bucharest, Romanian"
EFTA00476879.pdf,"Bucharest, Romanian"
EFTA00476880.pdf,"Bucharest, Romanian"
EFTA00476893.pdf,"Bucharest, Romania"
EFTA00476919.pdf,"Bucharest, Romania"
EFTA00477097.pdf,"Bucharest, Romania"
EFTA00477787.pdf,"Bucharest, Romania"
EFTA00477790.pdf,"Bucharest, Romania"
EFTA00477794.pdf,Romania
EFTA00477798.pdf,"Bucharest, Romania"
EFTA00522874.pdf,Romania
EFTA00527054.pdf,Romanian
EFTA00527169.pdf,Romanian
EFTA00527172.pdf,"Romania, Romanian"
EFTA00527179.pdf,Romanian
EFTA00527201.pdf,Romanian
EFTA00528847.pdf,Romanian
EFTA00528900.pdf,Romanian
EFTA00528925.pdf,Romanian
EFTA00529086.pdf,Romanian
EFTA00529092.pdf,Romanian
EFTA00529123.pdf,Romanian
EFTA00529135.pdf,Romanian
EFTA00529217.pdf,Romanian
EFTA00529819.pdf,Romania
EFTA00529820.pdf,Romania
EFTA00529853.pdf,Romania
EFTA00531111.pdf,Romania
EFTA00531112.pdf,Romania
EFTA00531166.pdf,Romania
EFTA00540204.pdf,Romania
EFTA00540212.pdf,Romania
EFTA00541922.pdf,Bucharest
EFTA00542274.pdf,Romania
EFTA00542597.pdf,Romania
EFTA00542780.pdf,Romania
EFTA00552895.pdf,Romania
EFTA00552925.pdf,Romania
EFTA00555730.pdf,Romania
EFTA00555890.pdf,Romania
EFTA00562760.pdf,Romania
EFTA00562765.pdf,Romania
EFTA00563116.pdf,Romania
EFTA00565066.pdf,Romania
EFTA00568649.pdf,Romania
EFTA00569022.pdf,Romania
EFTA00573973.pdf,Romania
EFTA00577407.pdf,Romania
EFTA00586675.pdf,Bucharest
EFTA00592510.pdf,Romania
EFTA00593419.pdf,Romania
EFTA00598000.pdf,Romania
EFTA00598496.pdf,Romania
EFTA00606029.pdf,Romania
EFTA00611159.pdf,Romania
EFTA00614842.pdf,Romania
EFTA00614975.pdf,"Bucharest, Romania"
EFTA00625988.pdf,Romania
EFTA00626921.pdf,Romania
EFTA00636697.pdf,Romania
EFTA00641010.pdf,Romania
EFTA00647913.pdf,Romania
EFTA00657491.pdf,Romania
EFTA00660082.pdf,Bucharest
EFTA00660384.pdf,Romanian
EFTA00663393.pdf,Romania
EFTA00663711.pdf,Romania
EFTA00665077.pdf,Romania
EFTA00665986.pdf,Bucharest
EFTA00668516.pdf,Romania
EFTA00671045.pdf,"Romania, Romanian"
EFTA00671578.pdf,Romania
EFTA00672691.pdf,Romania
EFTA00672938.pdf,Romania
EFTA00678295.pdf,Romania
EFTA00679391.pdf,Bucharest
EFTA00679396.pdf,Bucharest
EFTA00684045.pdf,Romania
EFTA00684669.pdf,Romania
EFTA00685768.pdf,Romanian
EFTA00685925.pdf,Romania
EFTA00689938.pdf,Bucharest
EFTA00691933.pdf,Romania
EFTA00692956.pdf,Romania
EFTA00694284.pdf,Romania
EFTA00694656.pdf,"Bucharest, Craiova, Romania"
EFTA00695570.pdf,Romanian
EFTA00702122.pdf,Romanian
EFTA00707025.pdf,Romania
EFTA00707173.pdf,Romania
EFTA00712371.pdf,Romania
EFTA00712693.pdf,Romania
EFTA00714006.pdf,Romania
EFTA00716659.pdf,Romania
EFTA00716662.pdf,Romania
EFTA00724657.pdf,Romania
EFTA00724756.pdf,Romania
EFTA00733810.pdf,Romania
EFTA00734031.pdf,Romania
EFTA00734033.pdf,Romania
EFTA00734036.pdf,Romania
EFTA00734887.pdf,Romanian
EFTA00737750.pdf,Romania
EFTA00739358.pdf,Bucharest
EFTA00742222.pdf,Romania
EFTA00742225.pdf,Romania
EFTA00743327.pdf,Romania
EFTA00743643.pdf,Romanian
EFTA00743793.pdf,Romanian
EFTA00743828.pdf,Romanian
EFTA00743837.pdf,Bucharest
EFTA00744991.pdf,Romanian
EFTA00748171.pdf,Bucharest
EFTA00748175.pdf,Bucharest
EFTA00748180.pdf,Bucharest
EFTA00748457.pdf,"Bucharest, Craiova, Romania"
EFTA00748858.pdf,Romanian
EFTA00749518.pdf,"Bucharest, Romania"
EFTA00749621.pdf,Romanian
EFTA00750670.pdf,Bucharest
EFTA00751873.pdf,Romanian
EFTA00752697.pdf,Romanian
EFTA00756722.pdf,Romanian
EFTA00757801.pdf,Romania
EFTA00758626.pdf,Romanian
EFTA00758953.pdf,Romania
EFTA00761391.pdf,Bucharest
EFTA00761396.pdf,Bucharest
EFTA00762458.pdf,Romanian
EFTA00762460.pdf,Romanian
EFTA00764366.pdf,Romanian
EFTA00764369.pdf,Romanian
EFTA00764977.pdf,Romanian
EFTA00764979.pdf,Romanian
EFTA00764981.pdf,Romanian
EFTA00765638.pdf,Romania
EFTA00766546.pdf,Bucharest
EFTA00766745.pdf,Bucharest
EFTA00767005.pdf,"Bucharest, Romanian"
EFTA00767051.pdf,Romanian
EFTA00767052.pdf,Bucharest
EFTA00767993.pdf,Romania
EFTA00768704.pdf,Bucharest
EFTA00768946.pdf,Romania
EFTA00768956.pdf,Romania
EFTA00769670.pdf,"Bucharest, Romania"
EFTA00769876.pdf,Bucharest
EFTA00769961.pdf,Bucharest
EFTA00771057.pdf,Romania
EFTA00771447.pdf,Romania
EFTA00771544.pdf,Bucharest
EFTA00773426.pdf,Bucharest
EFTA00774176.pdf,Romanian
EFTA00774178.pdf,Romanian
EFTA00774441.pdf,Romania
EFTA00774503.pdf,Romania
EFTA00774664.pdf,"Bucharest, Romania, Romanian"
EFTA00774801.pdf,"Bucharest, Romania, Romanian"
EFTA00774804.pdf,"Bucharest, Romania, Romanian"
EFTA00774846.pdf,Romania
EFTA00774929.pdf,Romanian
EFTA00775976.pdf,Bucharest
EFTA00779829.pdf,Romanian
EFTA00780511.pdf,Bucharest
EFTA00780566.pdf,Bucharest
EFTA00782167.pdf,Romania
EFTA00798769.pdf,Romanian
EFTA00803339.pdf,Romania
EFTA00804723.pdf,Romania
EFTA00817544.pdf,Romania
EFTA00817558.pdf,Romania
EFTA00818263.pdf,Romania
EFTA00818267.pdf,Romania
EFTA00818270.pdf,Romania
EFTA00829684.pdf,Romania
EFTA00839869.pdf,Romania
EFTA00839871.pdf,Romania
EFTA00843263.pdf,Romania
EFTA00843351.pdf,Romania
EFTA00845934.pdf,Romania
EFTA00846034.pdf,Romania
EFTA00853147.pdf,Romania
EFTA00853321.pdf,Romania
EFTA00858894.pdf,Romania
EFTA00858898.pdf,Romania
EFTA00859232.pdf,Romania
EFTA00860998.pdf,Romania
EFTA00861002.pdf,Romania
EFTA00861658.pdf,Romania
EFTA00864198.pdf,Romania
EFTA00864290.pdf,Romania
EFTA00870623.pdf,Romania
EFTA00870625.pdf,Romania
EFTA00870628.pdf,Romania
EFTA00872400.pdf,Romania
EFTA00876099.pdf,Romania
EFTA00880500.pdf,Bucharest
EFTA00880575.pdf,Bucharest
EFTA00881433.pdf,"Bucharest, Romania, Romanian"
EFTA00881495.pdf,"Bucharest, Romania, Romanian"
EFTA00881504.pdf,"Bucharest, Romania"
EFTA00882288.pdf,"Bucharest, Romania"
EFTA00885854.pdf,Romania
EFTA00885884.pdf,Romania
EFTA00885887.pdf,Romania
EFTA00886044.pdf,Romanian
EFTA00886561.pdf,Romanian
EFTA00886685.pdf,Romanian
EFTA00886688.pdf,Romanian
EFTA00891266.pdf,Bucharest
EFTA00891310.pdf,Romania
EFTA00891314.pdf,Romania
EFTA00891628.pdf,Romanian
EFTA00891630.pdf,Romanian
EFTA00892123.pdf,Romania
EFTA00892125.pdf,Romania
EFTA00892126.pdf,Romania
EFTA00892825.pdf,Romania
EFTA00892831.pdf,Romania
EFTA00894835.pdf,Romania
EFTA00896807.pdf,Romanian
EFTA00903786.pdf,"Romania, Romanian"
EFTA00906395.pdf,Romanian
EFTA00909476.pdf,Bucharest
EFTA00916364.pdf,Romania
EFTA00916369.pdf,Romania
EFTA00916373.pdf,Romania
EFTA00917558.pdf,Bucharest
EFTA00925657.pdf,Romania
EFTA00926938.pdf,Romanian
EFTA00927627.pdf,Romania
EFTA00930540.pdf,Romania
EFTA00932388.pdf,Romania
EFTA00932390.pdf,Romania
EFTA00932802.pdf,Romania
EFTA00933062.pdf,Romania
EFTA00933182.pdf,Romanian
EFTA00934931.pdf,Bucharest
EFTA00934932.pdf,Bucharest
EFTA00942902.pdf,Romania
EFTA00943221.pdf,Romania
EFTA00945389.pdf,Romania
EFTA00946842.pdf,Romania
EFTA00946847.pdf,Romania
EFTA00963785.pdf,Bucharest
EFTA00972873.pdf,Romania
EFTA00972877.pdf,Romanian
EFTA00974580.pdf,Romania
EFTA00975295.pdf,Romania
EFTA00980318.pdf,Romania
EFTA00980336.pdf,Romania
EFTA00980830.pdf,Romania
EFTA00984455.pdf,Romania
EFTA00984479.pdf,Romania
EFTA00985576.pdf,Bucharest
EFTA00986813.pdf,Romania
EFTA00997779.pdf,Romania
EFTA01001213.pdf,Romania
EFTA01002157.pdf,Romania
EFTA01031042.pdf,Romania
EFTA01053047.pdf,Romania
EFTA01053052.pdf,Romania
EFTA01053058.pdf,Romania
EFTA01053185.pdf,Romania
EFTA01053441.pdf,Romania
EFTA01053446.pdf,Romania
EFTA01053457.pdf,Romania
EFTA01059960.pdf,"Bucharest, Romania"
EFTA01060015.pdf,Romania
EFTA01071578.pdf,Romania
EFTA01074293.pdf,Romanian
EFTA01080289.pdf,Romanian
EFTA01084313.pdf,Romania
EFTA01090474.pdf,Romania
EFTA01090973.pdf,Romania
EFTA01097470.pdf,Romania
EFTA01103597.pdf,"Romania, Romanian"
EFTA01108457.pdf,Romania
EFTA01112176.pdf,Romania
EFTA01112783.pdf,Romania
EFTA01116332.pdf,Romania
EFTA01116468.pdf,Romanian
EFTA01122824.pdf,Romania
EFTA01123234.pdf,Romania
EFTA01123906.pdf,Romania
EFTA01130066.pdf,Romania
EFTA01130069.pdf,Romania
EFTA01130071.pdf,Romania
EFTA01130075.pdf,Romania
EFTA01130077.pdf,Romania
EFTA01130950.pdf,"Bucharest, Romania, Romanian"
EFTA01131528.pdf,Romania
EFTA01133119.pdf,Bucharest
EFTA01139679.pdf,"Bucuresti, Cluj"
EFTA01145243.pdf,"Romania, Romanian"
EFTA01146217.pdf,Romania
EFTA01146380.pdf,Romania
EFTA01146788.pdf,Romania
EFTA01148765.pdf,Romania
EFTA01149242.pdf,Romania
EFTA01149274.pdf,Romania
EFTA01157239.pdf,"Bucharest, Romania"
EFTA01169186.pdf,Romania
EFTA01169776.pdf,Romania
EFTA01170177.pdf,Romania
EFTA01171349.pdf,Romania
EFTA01171763.pdf,Romania
EFTA01172027.pdf,Romania
EFTA01172124.pdf,Romania
EFTA01175987.pdf,Romania
EFTA01176400.pdf,Romania
EFTA01176677.pdf,Romania
EFTA01176770.pdf,Romania
EFTA01176904.pdf,Romania
EFTA01177347.pdf,Romania
EFTA01178648.pdf,Romania
EFTA01178978.pdf,Romania
EFTA01179941.pdf,Romania
EFTA01181082.pdf,Romania
EFTA01181150.pdf,Romania
EFTA01181258.pdf,Romania
EFTA01181711.pdf,Romania
EFTA01187311.pdf,Romania
EFTA01193115.pdf,"Romania, Romanian, Timisoara"
EFTA01195689.pdf,Romanian
EFTA01196798.pdf,Romania
EFTA01197370.pdf,Romania
EFTA01197789.pdf,Romania
EFTA01197808.pdf,Romania
EFTA01204416.pdf,Romania
EFTA01205765.pdf,Romania
EFTA01206654.pdf,Romanian
EFTA01334058.pdf,Romanian
EFTA01353797.pdf,Romania
EFTA01353832.pdf,Romania
EFTA01354217.pdf,Romania
EFTA01354592.pdf,Romania
EFTA01355006.pdf,Romania
EFTA01355165.pdf,Romania
EFTA01356569.pdf,Romania
EFTA01356572.pdf,Romania
EFTA01364731.pdf,Romania
EFTA01369971.pdf,Romania
EFTA01370808.pdf,Romania
EFTA01373865.pdf,Romania
EFTA01375008.pdf,Romania
EFTA01377991.pdf,Romania
EFTA01379415.pdf,Romania
EFTA01382697.pdf,Romania
EFTA01385546.pdf,Romania
EFTA01386603.pdf,Romania
EFTA01387223.pdf,Romanian
EFTA01387502.pdf,Romania
EFTA01388234.pdf,Bucharest
EFTA01388236.pdf,"Romania, Romanian"
EFTA01389256.pdf,Romania
EFTA01389311.pdf,Romania
EFTA01389681.pdf,Romania
EFTA01389736.pdf,Romania
EFTA01390142.pdf,Romania
EFTA01390791.pdf,Romania
EFTA01391059.pdf,Romania
EFTA01391385.pdf,Romania
EFTA01391721.pdf,Romania
EFTA01392026.pdf,Romania
EFTA01392341.pdf,Romania
EFTA01392386.pdf,Romania
EFTA01393618.pdf,Romania
EFTA01393832.pdf,Romania
EFTA01394511.pdf,Romania
EFTA01394562.pdf,Romania
EFTA01395294.pdf,Romania
EFTA01395758.pdf,Romania
EFTA01396995.pdf,Romania
EFTA01397800.pdf,Romania
EFTA01398843.pdf,Romania
EFTA01399077.pdf,Romania
EFTA01399150.pdf,Romania
EFTA01399156.pdf,Romania
EFTA01399164.pdf,Romania
EFTA01407532.pdf,Romania
EFTA01414705.pdf,Romania
EFTA01415270.pdf,Romania
EFTA01424098.pdf,Romania
EFTA01429072.pdf,Romania
EFTA01433968.pdf,Romania
EFTA01434965.pdf,Romanian
EFTA01436668.pdf,"Bucharest, Romanian"
EFTA01438842.pdf,Romania
EFTA01439650.pdf,Romania
EFTA01440455.pdf,Romania
EFTA01441665.pdf,Romania
EFTA01442366.pdf,Romania
EFTA01442981.pdf,Romania
EFTA01444519.pdf,Iasi
EFTA01444677.pdf,Iasi
EFTA01458566.pdf,Romania
EFTA01458615.pdf,Romania
EFTA01459624.pdf,Romania
EFTA01459688.pdf,Romania
EFTA01459732.pdf,Romania
EFTA01475956.pdf,Romania
EFTA01527231.pdf,Romania
EFTA01587876.pdf,"Iasi, Romania"
EFTA01611652.pdf,Bucuresti
EFTA01614782.pdf,Romanian
EFTA01655482.pdf,Romanian
EFTA01655706.pdf,Romania
EFTA01655899.pdf,Romanian
EFTA01655996.pdf,Romanian
EFTA01656010.pdf,Romanian
EFTA01658338.pdf,Romanian
EFTA01659028.pdf,Romania
EFTA01659151.pdf,"Romania, Romanian"
EFTA01661603.pdf,Romanian
EFTA01682184.pdf,Romanian
EFTA01682633.pdf,Bucharest
EFTA01702869.pdf,Romania
EFTA01713378.pdf,Romanian
EFTA01718393.pdf,Bucharest
EFTA01728156.pdf,Bucharest
EFTA01734123.pdf,Romania
EFTA01734729.pdf,"Bucharest, Romania"
EFTA01736182.pdf,Romania
EFTA01741440.pdf,Romania
EFTA01744078.pdf,Bucharest
EFTA01744084.pdf,Romania
EFTA01748191.pdf,Romania
EFTA01748242.pdf,Romania
EFTA01754906.pdf,Romania
EFTA01763199.pdf,Romania
EFTA01764358.pdf,Romania
EFTA01768560.pdf,Romanian
EFTA01770437.pdf,Romanian
EFTA01776799.pdf,Romania
EFTA01779895.pdf,Romanian
EFTA01781723.pdf,"Bucharest, Craiova, Romania"
EFTA01783203.pdf,Romania
EFTA01787768.pdf,Romanian
EFTA01794231.pdf,"Bucharest, Romania"
EFTA01794470.pdf,Romania
EFTA01794651.pdf,Romania
EFTA01797256.pdf,"Bucharest, Romania"
EFTA01805923.pdf,Romania
EFTA01811120.pdf,Romanian
EFTA01811309.pdf,Bucharest
EFTA01812007.pdf,Romania
EFTA01812439.pdf,Romania
EFTA01812445.pdf,Romanian
EFTA01812496.pdf,Romanian
EFTA01812686.pdf,Romania
EFTA01812721.pdf,Romania
EFTA01815628.pdf,Romania
EFTA01817001.pdf,"Bucharest, Romania"
EFTA01817397.pdf,Romania
EFTA01818780.pdf,Bucharest
EFTA01818863.pdf,Bucharest
EFTA01819063.pdf,Bucharest
EFTA01821130.pdf,Romania
EFTA01821198.pdf,Romanian
EFTA01821973.pdf,Romanian
EFTA01822651.pdf,Romanian
EFTA01822733.pdf,Romanian
EFTA01822945.pdf,Romanian
EFTA01823045.pdf,Romanian
EFTA01824581.pdf,Romanian
EFTA01824775.pdf,Romanian
EFTA01824922.pdf,Romanian
EFTA01826379.pdf,Bucharest
EFTA01827398.pdf,"Iasi, Romania"
EFTA01827595.pdf,Romanian
EFTA01827620.pdf,Romanian
EFTA01827784.pdf,"Iasi, Romania"
EFTA01827955.pdf,Romanian
EFTA01828198.pdf,"Bucharest, Romania, Romanian"
EFTA01828691.pdf,"Bucharest, Romania, Romanian"
EFTA01829009.pdf,"Bucharest, Romania"
EFTA01829936.pdf,"Bucharest, Romania"
EFTA01835728.pdf,"Romania, Romanian"
EFTA01837996.pdf,Romanian
EFTA01840698.pdf,Romania
EFTA01842723.pdf,Romanian
EFTA01842991.pdf,Romanian
EFTA01843341.pdf,Romanian
EFTA01844180.pdf,Romania
EFTA01845209.pdf,Romanian
EFTA01845321.pdf,Romania
EFTA01845844.pdf,Romania
EFTA01846332.pdf,Romania
EFTA01846360.pdf,Romania
EFTA01856648.pdf,Romania
EFTA01857116.pdf,Bucharest
EFTA01858345.pdf,Romania
EFTA01866310.pdf,Bucharest
EFTA01870970.pdf,Romania
EFTA01872231.pdf,Romania
EFTA01872282.pdf,Romania
EFTA01874457.pdf,Romania
EFTA01876009.pdf,Romania
EFTA01879355.pdf,Romania
EFTA01882691.pdf,Romania
EFTA01882904.pdf,Bucharest
EFTA01883470.pdf,Romanian
EFTA01883817.pdf,Bucharest
EFTA01883865.pdf,Bucharest
EFTA01886627.pdf,Romania
EFTA01888071.pdf,Romania
EFTA01890667.pdf,Romania
EFTA01920798.pdf,Romania
EFTA01922946.pdf,Romania
EFTA01928349.pdf,Romania
EFTA01930157.pdf,Romania
EFTA01930421.pdf,Romania
EFTA01943535.pdf,Romania
EFTA01944118.pdf,Romania
EFTA01948997.pdf,Romania
EFTA01949365.pdf,Romania
EFTA01951496.pdf,Romania
EFTA01952703.pdf,Romania
EFTA01955057.pdf,Romania
EFTA01959386.pdf,Romania
EFTA01959496.pdf,Romania
EFTA01969348.pdf,Bucharest
EFTA01974598.pdf,Romania
EFTA01977579.pdf,Romania
EFTA01981558.pdf,Romania
EFTA01986277.pdf,Romania
EFTA01987625.pdf,Bucharest
EFTA01988947.pdf,Romanian
EFTA01990947.pdf,Romania
EFTA01991930.pdf,Romania
EFTA01996462.pdf,Romania
EFTA02001160.pdf,Romania
EFTA02004048.pdf,Romania
EFTA02009814.pdf,Romania
EFTA02011079.pdf,Romanian
EFTA02013315.pdf,Romania
EFTA02014860.pdf,Romania
EFTA02016194.pdf,Romanian
EFTA02019575.pdf,Romanian
EFTA02023002.pdf,Romania
EFTA02023143.pdf,"Romania, Romanian"
EFTA02023666.pdf,Romanian
EFTA02024287.pdf,Romania
EFTA02024441.pdf,Bucharest
EFTA02027902.pdf,Romanian
EFTA02027915.pdf,Romanian
EFTA02035087.pdf,Romanian
EFTA02038511.pdf,"Bucharest, Romania, Romanian"
EFTA02041395.pdf,Bucharest
EFTA02041408.pdf,Bucharest
EFTA02041433.pdf,Bucharest
EFTA02041484.pdf,"Bucharest, Romanian"
EFTA02041541.pdf,Bucharest
EFTA02041556.pdf,Bucharest
EFTA02041584.pdf,Bucharest
EFTA02041965.pdf,Bucharest
EFTA02041991.pdf,"Bucharest, Romanian"
EFTA02042169.pdf,"Bucharest, Romanian"
EFTA02042535.pdf,Bucharest
EFTA02042626.pdf,"Bucharest, Romanian"
EFTA02042715.pdf,Bucharest
EFTA02043167.pdf,Romanian
EFTA02043282.pdf,Romania
EFTA02043370.pdf,Romania
EFTA02043460.pdf,Romania
EFTA02043858.pdf,Romania
EFTA02043870.pdf,Romania
EFTA02065139.pdf,Romania
EFTA02065193.pdf,"Bucharest, Romania"
EFTA02065352.pdf,"Bucharest, Romania"
EFTA02065738.pdf,"Bucharest, Romania"
EFTA02065767.pdf,"Bucharest, Romania"
EFTA02066365.pdf,Bucharest
EFTA02066442.pdf,Bucharest
EFTA02066477.pdf,Bucharest
EFTA02066514.pdf,Bucharest
EFTA02066924.pdf,Romania
EFTA02066955.pdf,Romania
EFTA02066969.pdf,Romania
EFTA02067006.pdf,Romania
EFTA02068322.pdf,Bucharest
EFTA02068388.pdf,Bucharest
EFTA02068420.pdf,Bucharest
EFTA02068529.pdf,Bucharest
EFTA02068950.pdf,Bucharest
EFTA02069171.pdf,Romania
EFTA02069204.pdf,Bucharest
EFTA02069835.pdf,Romania
EFTA02069867.pdf,Romania
EFTA02069872.pdf,Romania
EFTA02071804.pdf,Romania
EFTA02071862.pdf,Romania
EFTA02094469.pdf,"Bucharest, Romania"
EFTA02094483.pdf,Romania
EFTA02094542.pdf,Romania
EFTA02094607.pdf,"Bucharest, Romania"
EFTA02095303.pdf,"Bucharest, Romania"
EFTA02095337.pdf,"Bucharest, Romania"
EFTA02095346.pdf,"Bucharest, Romania"
EFTA02105463.pdf,Romania
EFTA02105515.pdf,Romania
EFTA02106392.pdf,Romania
EFTA02112936.pdf,Romanian
EFTA02119766.pdf,Romanian
EFTA02120424.pdf,Romanian
EFTA02127240.pdf,Romanian
EFTA02141944.pdf,Romania
EFTA02141951.pdf,Romania
EFTA02143091.pdf,Romania
EFTA02143102.pdf,Romania
EFTA02143156.pdf,Romania
EFTA02143188.pdf,Romania
EFTA02146017.pdf,Romanian
EFTA02146522.pdf,Romania
EFTA02149669.pdf,Romania
EFTA02153559.pdf,Romania
EFTA02155706.pdf,Romania
EFTA02158770.pdf,Romania
EFTA02166333.pdf,Romania
EFTA02168107.pdf,Romania
EFTA02176787.pdf,Romanian
EFTA02178144.pdf,Romania
EFTA02186289.pdf,Romania
EFTA02192813.pdf,Bucharest
EFTA02192912.pdf,Bucharest
EFTA02193705.pdf,Bucharest
EFTA02194989.pdf,Bucharest
EFTA02196072.pdf,"Bucharest, Romania"
EFTA02196297.pdf,"Bucharest, Romania"
EFTA02196309.pdf,"Bucharest, Romania"
EFTA02196328.pdf,"Bucharest, Romania"
EFTA02196621.pdf,"Bucharest, Romania"
EFTA02196647.pdf,Romania
EFTA02196666.pdf,"Bucharest, Romania"
EFTA02196708.pdf,Bucharest
EFTA02196742.pdf,Bucharest
EFTA02196839.pdf,Bucharest
EFTA02197007.pdf,"Bucharest, Romania"
EFTA02197107.pdf,Bucharest
EFTA02197302.pdf,Bucharest
EFTA02198065.pdf,"Bucharest, Romania"
EFTA02223102.pdf,Bucharest
EFTA02223237.pdf,Bucharest
EFTA02223276.pdf,Bucharest
EFTA02223285.pdf,"Bucharest, Romanian"
EFTA02223350.pdf,"Bucharest, Romanian"
EFTA02223377.pdf,"Bucharest, Romanian"
EFTA02223381.pdf,"Bucharest, Romanian"
EFTA02223463.pdf,Bucharest
EFTA02223470.pdf,Romania
EFTA02223758.pdf,Bucharest
EFTA02223826.pdf,Bucharest
EFTA02225937.pdf,Romania
EFTA02227117.pdf,Romania
EFTA02227362.pdf,Romania
EFTA02228946.pdf,Bucharest
EFTA02229034.pdf,Romania
EFTA02229233.pdf,Romania
EFTA02229758.pdf,Romania
EFTA02229786.pdf,Romania
EFTA02229813.pdf,Romania
EFTA02229841.pdf,Romania
EFTA02233687.pdf,Bucharest
EFTA02233757.pdf,Bucharest
EFTA02248120.pdf,"Bucharest, Romanian"
EFTA02248361.pdf,"Bucharest, Romania"
EFTA02248464.pdf,Bucharest
EFTA02249282.pdf,"Bucharest, Romania"
EFTA02249487.pdf,Romania
EFTA02249512.pdf,Bucharest
EFTA02249806.pdf,Bucharest
EFTA02249824.pdf,"Bucharest, Romania"
EFTA02249870.pdf,"Bucharest, Romanian"
EFTA02249875.pdf,"Bucharest, Romanian"
EFTA02250917.pdf,"Bucharest, Romania"
EFTA02297567.pdf,Romanian
EFTA02298610.pdf,Romania
EFTA02298787.pdf,Romanian
EFTA02298826.pdf,Romanian
EFTA02298849.pdf,Romanian
EFTA02299895.pdf,Romania
EFTA02299898.pdf,Romania
EFTA02299906.pdf,Romania
EFTA02299919.pdf,Romania
EFTA02300178.pdf,Romania
EFTA02305691.pdf,Romania
EFTA02305709.pdf,Romania
EFTA02306415.pdf,Romania
EFTA02308009.pdf,Romania
EFTA02311008.pdf,Romania
EFTA02313846.pdf,Romania
EFTA02314913.pdf,Romania
EFTA02315805.pdf,Romania
EFTA02315880.pdf,Romania
EFTA02326970.pdf,Romania
EFTA02327660.pdf,Romania
EFTA02327814.pdf,Romania
EFTA02329172.pdf,Bucharest
EFTA02329174.pdf,Bucharest
EFTA02330429.pdf,Romania
EFTA02338120.pdf,Romania
EFTA02349873.pdf,Romania
EFTA02361064.pdf,Romania
EFTA02364574.pdf,Romania
EFTA02367955.pdf,Romania
EFTA02371480.pdf,Romanian
EFTA02371990.pdf,Romania
EFTA02373071.pdf,Romania
EFTA02380862.pdf,Romania
EFTA02381818.pdf,Romania
EFTA02383464.pdf,Romanian
EFTA02387664.pdf,Romanian
EFTA02393057.pdf,Romanian
EFTA02396804.pdf,Romania
EFTA02400554.pdf,Romania
EFTA02403744.pdf,Bucharest
EFTA02403898.pdf,Romania
EFTA02403945.pdf,Romania
EFTA02407675.pdf,Romania
EFTA02407812.pdf,Romania
EFTA02408977.pdf,Romanian
EFTA02409823.pdf,Romania
EFTA02412588.pdf,"Iasi, Romania"
EFTA02412719.pdf,"Iasi, Romania"
EFTA02412868.pdf,Iasi
EFTA02414894.pdf,Romanian
EFTA02415867.pdf,Romania
EFTA02416005.pdf,Romanian
EFTA02416206.pdf,Romania
EFTA02416719.pdf,Romanian
EFTA02419592.pdf,Romanian
EFTA02422986.pdf,Romania
EFTA02423783.pdf,Romanian
EFTA02424079.pdf,Romanian
EFTA02424355.pdf,Romania
EFTA02424377.pdf,Romania
EFTA02424380.pdf,Romania
EFTA02424414.pdf,Romania
EFTA02424560.pdf,Romania
EFTA02424616.pdf,Romania
EFTA02426037.pdf,Bucharest
EFTA02426533.pdf,Bucharest
EFTA02426568.pdf,Bucharest
EFTA02426598.pdf,Bucharest
EFTA02426626.pdf,Bucharest
EFTA02427646.pdf,Romania
EFTA02427693.pdf,Bucharest
EFTA02428398.pdf,Romanian
EFTA02428617.pdf,Romanian
EFTA02430401.pdf,Romanian
EFTA02430423.pdf,Romanian
EFTA02431170.pdf,Romanian
EFTA02432603.pdf,Bucharest
EFTA02433054.pdf,Romanian
EFTA02433377.pdf,Bucharest
EFTA02433403.pdf,Bucharest
EFTA02433420.pdf,"Bucharest, Romanian"
EFTA02433705.pdf,Romania
EFTA02433785.pdf,Romania
EFTA02433809.pdf,Romania
EFTA02434931.pdf,Romania
EFTA02435525.pdf,Romania
EFTA02435918.pdf,Romania
EFTA02436258.pdf,Bucharest
EFTA02436351.pdf,Bucharest
EFTA02438659.pdf,Bucharest
EFTA02438760.pdf,Romania
EFTA02440243.pdf,"Bucharest, Romania"
EFTA02440248.pdf,Bucharest
EFTA02441054.pdf,Bucharest
EFTA02441923.pdf,Romanian
EFTA02442047.pdf,Romania
EFTA02442244.pdf,"Bucharest, Romania, Romanian"
EFTA02442285.pdf,Romania
EFTA02442393.pdf,Bucharest
EFTA02442407.pdf,"Bucharest, Romania"
EFTA02442419.pdf,"Bucharest, Romania, Romanian"
EFTA02442584.pdf,Romanian
EFTA02450592.pdf,Romania
EFTA02450743.pdf,Romania
EFTA02457658.pdf,Romania
EFTA02478639.pdf,Romania
EFTA02478669.pdf,Romania
EFTA02484103.pdf,Romania
EFTA02487899.pdf,Romania
EFTA02496411.pdf,Romania
EFTA02502673.pdf,Romania
EFTA02503225.pdf,Romania
EFTA02506111.pdf,Romania
EFTA02507913.pdf,Romania
EFTA02509552.pdf,Romania
EFTA02510618.pdf,Romania
EFTA02523601.pdf,Bucharest
EFTA02523924.pdf,Romanian
EFTA02524469.pdf,"Bucharest, Romania, Romanian"
EFTA02524563.pdf,"Bucharest, Romania, Romanian"
EFTA02524641.pdf,Bucharest
EFTA02525106.pdf,Romania
EFTA02527595.pdf,Romania
EFTA02527677.pdf,Romanian
EFTA02527716.pdf,Romanian
EFTA02530154.pdf,Romanian
EFTA02536641.pdf,Romanian
EFTA02547976.pdf,Romanian
EFTA02548700.pdf,Romanian
EFTA02549553.pdf,Romanian
EFTA02552893.pdf,Romania
EFTA02554926.pdf,Romanian
EFTA02560644.pdf,Romania
EFTA02568127.pdf,Romania
EFTA02589828.pdf,Romania
EFTA02590029.pdf,Romania
EFTA02595515.pdf,Romania
EFTA02610807.pdf,Romania
EFTA02610997.pdf,Romania
EFTA02658787.pdf,Romania
EFTA02658897.pdf,Romania
EFTA02659054.pdf,Romania
EFTA02659214.pdf,Romania
EFTA02659311.pdf,Romania
EFTA02668787.pdf,Bucharest
EFTA02673126.pdf,Romania
EFTA02673347.pdf,Romania
EFTA02678535.pdf,Romania
EFTA02678671.pdf,Romania
EFTA02680930.pdf,Romanian
EFTA02681024.pdf,Romania
EFTA02683636.pdf,"Bucharest, Romania"
EFTA02683662.pdf,Romanian
EFTA02685320.pdf,Romania
EFTA02687473.pdf,Romanian
EFTA02693842.pdf,Romania
EFTA02696103.pdf,Romanian
EFTA02696431.pdf,Romanian
EFTA02700379.pdf,Romania
EFTA02702625.pdf,Romania
EFTA02710400.pdf,Romania
EFTA02713714.pdf,Romania
EFTA02719160.pdf,Romania
EFTA02721181.pdf,Romania
EFTA02722397.pdf,Romania
EFTA02725077.pdf,Romania
EFTA02726125.pdf,Romania
EFTA02726170.pdf,Romania
EFTA02726187.pdf,Romania
Epstein Part 17 (Redacted).pdf,Romanian
